timestamp;eventTime;date;hour;service;requests;unique_events;cost
2017-02-01 00:00:00;2017-02-01 00:00:00;2017-02-01;0;cloudtrail;23;3;0.00009200
2017-02-01 00:00:00;2017-02-01 00:00:00;2017-02-01;0;ec2;1826;46;0.00730400
2017-02-01 00:00:00;2017-02-01 00:00:00;2017-02-01;0;elb;91;1;0.00036400
2017-02-01 00:00:00;2017-02-01 00:00:00;2017-02-01;0;iam;1353;25;0.00541200
2017-02-01 00:00:00;2017-02-01 00:00:00;2017-02-01;0;lambda;280;8;0.00112000
2017-02-01 00:00:00;2017-02-01 00:00:00;2017-02-01;0;logs;42;3;0.00016800
2017-02-01 00:00:00;2017-02-01 00:00:00;2017-02-01;0;rds;4;1;0.00001600
2017-02-01 00:00:00;2017-02-01 00:00:00;2017-02-01;0;s3;1466;19;0.00586400
2017-02-01 00:00:00;2017-02-01 00:00:00;2017-02-01;0;sns;71;2;0.00028400
2017-02-01 00:00:00;2017-02-01 00:00:00;2017-02-01;0;sts;205;2;0.00082000
2017-02-01 00:00:00;2017-02-01 00:00:00;2017-02-01;0;unknown;2176;94;0.00870400
2017-03-01 00:00:00;2017-03-01 00:00:00;2017-03-01;0;cloudtrail;88;2;0.00035200
2017-03-01 00:00:00;2017-03-01 00:00:00;2017-03-01;0;dynamodb;1;1;0.00000400
2017-03-01 00:00:00;2017-03-01 00:00:00;2017-03-01;0;ec2;4757;88;0.01902800
2017-03-01 00:00:00;2017-03-01 00:00:00;2017-03-01;0;elb;82;1;0.00032800
2017-03-01 00:00:00;2017-03-01 00:00:00;2017-03-01;0;iam;1222;24;0.00488800
2017-03-01 00:00:00;2017-03-01 00:00:00;2017-03-01;0;lambda;169;4;0.00067600
2017-03-01 00:00:00;2017-03-01 00:00:00;2017-03-01;0;logs;204;2;0.00081600
2017-03-01 00:00:00;2017-03-01 00:00:00;2017-03-01;0;rds;35;1;0.00014000
2017-03-01 00:00:00;2017-03-01 00:00:00;2017-03-01;0;s3;1086;15;0.00434400
2017-03-01 00:00:00;2017-03-01 00:00:00;2017-03-01;0;sns;53;1;0.00021200
2017-03-01 00:00:00;2017-03-01 00:00:00;2017-03-01;0;sqs;4;1;0.00001600
2017-03-01 00:00:00;2017-03-01 00:00:00;2017-03-01;0;sts;1217;2;0.00486800
2017-03-01 00:00:00;2017-03-01 00:00:00;2017-03-01;0;unknown;732;77;0.00292800
2017-04-01 00:00:00;2017-04-01 00:00:00;2017-04-01;0;cloudtrail;19;2;0.00007600
2017-04-01 00:00:00;2017-04-01 00:00:00;2017-04-01;0;ec2;771;23;0.00308400
2017-04-01 00:00:00;2017-04-01 00:00:00;2017-04-01;0;iam;112;11;0.00044800
2017-04-01 00:00:00;2017-04-01 00:00:00;2017-04-01;0;lambda;18;3;0.00007200
2017-04-01 00:00:00;2017-04-01 00:00:00;2017-04-01;0;logs;39;1;0.00015600
2017-04-01 00:00:00;2017-04-01 00:00:00;2017-04-01;0;rds;1;1;0.00000400
2017-04-01 00:00:00;2017-04-01 00:00:00;2017-04-01;0;s3;77;5;0.00030800
2017-04-01 00:00:00;2017-04-01 00:00:00;2017-04-01;0;sns;1;1;0.00000400
2017-04-01 00:00:00;2017-04-01 00:00:00;2017-04-01;0;sts;834;2;0.00333600
2017-04-01 00:00:00;2017-04-01 00:00:00;2017-04-01;0;unknown;69;20;0.00027600
2017-05-01 00:00:00;2017-05-01 00:00:00;2017-05-01;0;cloudtrail;1122;2;0.00448800
2017-05-01 00:00:00;2017-05-01 00:00:00;2017-05-01;0;ec2;7201;71;0.02880400
2017-05-01 00:00:00;2017-05-01 00:00:00;2017-05-01;0;elb;441;1;0.00176400
2017-05-01 00:00:00;2017-05-01 00:00:00;2017-05-01;0;iam;7525;24;0.03010000
2017-05-01 00:00:00;2017-05-01 00:00:00;2017-05-01;0;lambda;179;1;0.00071600
2017-05-01 00:00:00;2017-05-01 00:00:00;2017-05-01;0;logs;117;3;0.00046800
2017-05-01 00:00:00;2017-05-01 00:00:00;2017-05-01;0;rds;242;1;0.00096800
2017-05-01 00:00:00;2017-05-01 00:00:00;2017-05-01;0;s3;4132;15;0.01652800
2017-05-01 00:00:00;2017-05-01 00:00:00;2017-05-01;0;sns;243;1;0.00097200
2017-05-01 00:00:00;2017-05-01 00:00:00;2017-05-01;0;sts;5595;2;0.02238000
2017-05-01 00:00:00;2017-05-01 00:00:00;2017-05-01;0;unknown;1852;51;0.00740800
2017-06-01 00:00:00;2017-06-01 00:00:00;2017-06-01;0;cloudtrail;25;1;0.00010000
2017-06-01 00:00:00;2017-06-01 00:00:00;2017-06-01;0;dynamodb;1;1;0.00000400
2017-06-01 00:00:00;2017-06-01 00:00:00;2017-06-01;0;ec2;1337;33;0.00534800
2017-06-01 00:00:00;2017-06-01 00:00:00;2017-06-01;0;elb;52;1;0.00020800
2017-06-01 00:00:00;2017-06-01 00:00:00;2017-06-01;0;iam;256;18;0.00102400
2017-06-01 00:00:00;2017-06-01 00:00:00;2017-06-01;0;lambda;48;2;0.00019200
2017-06-01 00:00:00;2017-06-01 00:00:00;2017-06-01;0;logs;84;2;0.00033600
2017-06-01 00:00:00;2017-06-01 00:00:00;2017-06-01;0;rds;23;1;0.00009200
2017-06-01 00:00:00;2017-06-01 00:00:00;2017-06-01;0;s3;251;4;0.00100400
2017-06-01 00:00:00;2017-06-01 00:00:00;2017-06-01;0;sns;19;1;0.00007600
2017-06-01 00:00:00;2017-06-01 00:00:00;2017-06-01;0;sts;1657;2;0.00662800
2017-06-01 00:00:00;2017-06-01 00:00:00;2017-06-01;0;unknown;354;39;0.00141600
2017-07-01 00:00:00;2017-07-01 00:00:00;2017-07-01;0;cloudtrail;60;2;0.00024000
2017-07-01 00:00:00;2017-07-01 00:00:00;2017-07-01;0;ec2;1325;38;0.00530000
2017-07-01 00:00:00;2017-07-01 00:00:00;2017-07-01;0;elb;70;1;0.00028000
2017-07-01 00:00:00;2017-07-01 00:00:00;2017-07-01;0;iam;440;20;0.00176000
2017-07-01 00:00:00;2017-07-01 00:00:00;2017-07-01;0;lambda;65;2;0.00026000
2017-07-01 00:00:00;2017-07-01 00:00:00;2017-07-01;0;logs;64;2;0.00025600
2017-07-01 00:00:00;2017-07-01 00:00:00;2017-07-01;0;rds;61;1;0.00024400
2017-07-01 00:00:00;2017-07-01 00:00:00;2017-07-01;0;s3;298;15;0.00119200
2017-07-01 00:00:00;2017-07-01 00:00:00;2017-07-01;0;sns;56;1;0.00022400
2017-07-01 00:00:00;2017-07-01 00:00:00;2017-07-01;0;sts;1658;2;0.00663200
2017-07-01 00:00:00;2017-07-01 00:00:00;2017-07-01;0;unknown;341;42;0.00136400
2017-08-01 00:00:00;2017-08-01 00:00:00;2017-08-01;0;cloudtrail;31;3;0.00012400
2017-08-01 00:00:00;2017-08-01 00:00:00;2017-08-01;0;ec2;1284;36;0.00513600
2017-08-01 00:00:00;2017-08-01 00:00:00;2017-08-01;0;elb;43;1;0.00017200
2017-08-01 00:00:00;2017-08-01 00:00:00;2017-08-01;0;iam;402;20;0.00160800
2017-08-01 00:00:00;2017-08-01 00:00:00;2017-08-01;0;lambda;50;4;0.00020000
2017-08-01 00:00:00;2017-08-01 00:00:00;2017-08-01;0;logs;63;3;0.00025200
2017-08-01 00:00:00;2017-08-01 00:00:00;2017-08-01;0;rds;28;1;0.00011200
2017-08-01 00:00:00;2017-08-01 00:00:00;2017-08-01;0;s3;243;7;0.00097200
2017-08-01 00:00:00;2017-08-01 00:00:00;2017-08-01;0;sns;29;1;0.00011600
2017-08-01 00:00:00;2017-08-01 00:00:00;2017-08-01;0;sts;1668;2;0.00667200
2017-08-01 00:00:00;2017-08-01 00:00:00;2017-08-01;0;unknown;236;44;0.00094400
2017-09-01 00:00:00;2017-09-01 00:00:00;2017-09-01;0;ec2;810;22;0.00324000
2017-09-01 00:00:00;2017-09-01 00:00:00;2017-09-01;0;elb;14;1;0.00005600
2017-09-01 00:00:00;2017-09-01 00:00:00;2017-09-01;0;iam;187;15;0.00074800
2017-09-01 00:00:00;2017-09-01 00:00:00;2017-09-01;0;lambda;24;3;0.00009600
2017-09-01 00:00:00;2017-09-01 00:00:00;2017-09-01;0;logs;44;2;0.00017600
2017-09-01 00:00:00;2017-09-01 00:00:00;2017-09-01;0;rds;1;1;0.00000400
2017-09-01 00:00:00;2017-09-01 00:00:00;2017-09-01;0;s3;149;7;0.00059600
2017-09-01 00:00:00;2017-09-01 00:00:00;2017-09-01;0;sns;1;1;0.00000400
2017-09-01 00:00:00;2017-09-01 00:00:00;2017-09-01;0;sts;1422;2;0.00568800
2017-09-01 00:00:00;2017-09-01 00:00:00;2017-09-01;0;unknown;133;31;0.00053200
2017-10-01 00:00:00;2017-10-01 00:00:00;2017-10-01;0;cloudtrail;45;2;0.00018000
2017-10-01 00:00:00;2017-10-01 00:00:00;2017-10-01;0;ec2;5235;64;0.02094000
2017-10-01 00:00:00;2017-10-01 00:00:00;2017-10-01;0;elb;42;1;0.00016800
2017-10-01 00:00:00;2017-10-01 00:00:00;2017-10-01;0;iam;1877;16;0.00750800
2017-10-01 00:00:00;2017-10-01 00:00:00;2017-10-01;0;lambda;42;3;0.00016800
2017-10-01 00:00:00;2017-10-01 00:00:00;2017-10-01;0;logs;72;1;0.00028800
2017-10-01 00:00:00;2017-10-01 00:00:00;2017-10-01;0;rds;46;1;0.00018400
2017-10-01 00:00:00;2017-10-01 00:00:00;2017-10-01;0;s3;747;7;0.00298800
2017-10-01 00:00:00;2017-10-01 00:00:00;2017-10-01;0;sns;45;2;0.00018000
2017-10-01 00:00:00;2017-10-01 00:00:00;2017-10-01;0;sts;1169;2;0.00467600
2017-10-01 00:00:00;2017-10-01 00:00:00;2017-10-01;0;unknown;161;36;0.00064400
2017-11-01 00:00:00;2017-11-01 00:00:00;2017-11-01;0;cloudtrail;24;2;0.00009600
2017-11-01 00:00:00;2017-11-01 00:00:00;2017-11-01;0;ec2;2590;19;0.01036000
2017-11-01 00:00:00;2017-11-01 00:00:00;2017-11-01;0;iam;222;13;0.00088800
2017-11-01 00:00:00;2017-11-01 00:00:00;2017-11-01;0;lambda;11;1;0.00004400
2017-11-01 00:00:00;2017-11-01 00:00:00;2017-11-01;0;logs;29;1;0.00011600
2017-11-01 00:00:00;2017-11-01 00:00:00;2017-11-01;0;s3;291;6;0.00116400
2017-11-01 00:00:00;2017-11-01 00:00:00;2017-11-01;0;sns;14;1;0.00005600
2017-11-01 00:00:00;2017-11-01 00:00:00;2017-11-01;0;sts;1059;2;0.00423600
2017-11-01 00:00:00;2017-11-01 00:00:00;2017-11-01;0;unknown;54;16;0.00021600
2017-12-01 00:00:00;2017-12-01 00:00:00;2017-12-01;0;ec2;979;23;0.00391600
2017-12-01 00:00:00;2017-12-01 00:00:00;2017-12-01;0;iam;116;12;0.00046400
2017-12-01 00:00:00;2017-12-01 00:00:00;2017-12-01;0;lambda;16;1;0.00006400
2017-12-01 00:00:00;2017-12-01 00:00:00;2017-12-01;0;logs;29;1;0.00011600
2017-12-01 00:00:00;2017-12-01 00:00:00;2017-12-01;0;s3;87;2;0.00034800
2017-12-01 00:00:00;2017-12-01 00:00:00;2017-12-01;0;sts;1148;2;0.00459200
2017-12-01 00:00:00;2017-12-01 00:00:00;2017-12-01;0;unknown;47;15;0.00018800
2018-01-01 00:00:00;2018-01-01 00:00:00;2018-01-01;0;cloudtrail;22;2;0.00008800
2018-01-01 00:00:00;2018-01-01 00:00:00;2018-01-01;0;ec2;2234;44;0.00893600
2018-01-01 00:00:00;2018-01-01 00:00:00;2018-01-01;0;elb;33;1;0.00013200
2018-01-01 00:00:00;2018-01-01 00:00:00;2018-01-01;0;iam;436;20;0.00174400
2018-01-01 00:00:00;2018-01-01 00:00:00;2018-01-01;0;lambda;66;4;0.00026400
2018-01-01 00:00:00;2018-01-01 00:00:00;2018-01-01;0;logs;105;2;0.00042000
2018-01-01 00:00:00;2018-01-01 00:00:00;2018-01-01;0;rds;18;1;0.00007200
2018-01-01 00:00:00;2018-01-01 00:00:00;2018-01-01;0;s3;274;10;0.00109600
2018-01-01 00:00:00;2018-01-01 00:00:00;2018-01-01;0;sns;20;1;0.00008000
2018-01-01 00:00:00;2018-01-01 00:00:00;2018-01-01;0;sts;1174;2;0.00469600
2018-01-01 00:00:00;2018-01-01 00:00:00;2018-01-01;0;unknown;313;47;0.00125200
2018-02-01 00:00:00;2018-02-01 00:00:00;2018-02-01;0;cloudtrail;22;2;0.00008800
2018-02-01 00:00:00;2018-02-01 00:00:00;2018-02-01;0;ec2;2351;40;0.00940400
2018-02-01 00:00:00;2018-02-01 00:00:00;2018-02-01;0;elb;33;1;0.00013200
2018-02-01 00:00:00;2018-02-01 00:00:00;2018-02-01;0;iam;480;20;0.00192000
2018-02-01 00:00:00;2018-02-01 00:00:00;2018-02-01;0;lambda;105;3;0.00042000
2018-02-01 00:00:00;2018-02-01 00:00:00;2018-02-01;0;logs;63;2;0.00025200
2018-02-01 00:00:00;2018-02-01 00:00:00;2018-02-01;0;rds;30;1;0.00012000
2018-02-01 00:00:00;2018-02-01 00:00:00;2018-02-01;0;s3;342;14;0.00136800
2018-02-01 00:00:00;2018-02-01 00:00:00;2018-02-01;0;sns;16;2;0.00006400
2018-02-01 00:00:00;2018-02-01 00:00:00;2018-02-01;0;sts;2658;2;0.01063200
2018-02-01 00:00:00;2018-02-01 00:00:00;2018-02-01;0;unknown;320;49;0.00128000
2018-03-01 00:00:00;2018-03-01 00:00:00;2018-03-01;0;ec2;1033;19;0.00413200
2018-03-01 00:00:00;2018-03-01 00:00:00;2018-03-01;0;iam;140;16;0.00056000
2018-03-01 00:00:00;2018-03-01 00:00:00;2018-03-01;0;lambda;18;2;0.00007200
2018-03-01 00:00:00;2018-03-01 00:00:00;2018-03-01;0;logs;49;2;0.00019600
2018-03-01 00:00:00;2018-03-01 00:00:00;2018-03-01;0;s3;99;3;0.00039600
2018-03-01 00:00:00;2018-03-01 00:00:00;2018-03-01;0;sts;1001;3;0.00400400
2018-03-01 00:00:00;2018-03-01 00:00:00;2018-03-01;0;unknown;92;29;0.00036800
2018-04-01 00:00:00;2018-04-01 00:00:00;2018-04-01;0;cloudtrail;4;1;0.00001600
2018-04-01 00:00:00;2018-04-01 00:00:00;2018-04-01;0;ec2;17081;21;0.06832400
2018-04-01 00:00:00;2018-04-01 00:00:00;2018-04-01;0;iam;126;14;0.00050400
2018-04-01 00:00:00;2018-04-01 00:00:00;2018-04-01;0;lambda;12;1;0.00004800
2018-04-01 00:00:00;2018-04-01 00:00:00;2018-04-01;0;logs;47;1;0.00018800
2018-04-01 00:00:00;2018-04-01 00:00:00;2018-04-01;0;rds;1;1;0.00000400
2018-04-01 00:00:00;2018-04-01 00:00:00;2018-04-01;0;s3;104;2;0.00041600
2018-04-01 00:00:00;2018-04-01 00:00:00;2018-04-01;0;sts;1139;2;0.00455600
2018-04-01 00:00:00;2018-04-01 00:00:00;2018-04-01;0;unknown;95;20;0.00038000
2018-05-01 00:00:00;2018-05-01 00:00:00;2018-05-01;0;cloudtrail;5;2;0.00002000
2018-05-01 00:00:00;2018-05-01 00:00:00;2018-05-01;0;ec2;1016;34;0.00406400
2018-05-01 00:00:00;2018-05-01 00:00:00;2018-05-01;0;elb;8;1;0.00003200
2018-05-01 00:00:00;2018-05-01 00:00:00;2018-05-01;0;iam;168;15;0.00067200
2018-05-01 00:00:00;2018-05-01 00:00:00;2018-05-01;0;lambda;27;3;0.00010800
2018-05-01 00:00:00;2018-05-01 00:00:00;2018-05-01;0;logs;64;1;0.00025600
2018-05-01 00:00:00;2018-05-01 00:00:00;2018-05-01;0;rds;5;1;0.00002000
2018-05-01 00:00:00;2018-05-01 00:00:00;2018-05-01;0;s3;147;6;0.00058800
2018-05-01 00:00:00;2018-05-01 00:00:00;2018-05-01;0;sts;1017;2;0.00406800
2018-05-01 00:00:00;2018-05-01 00:00:00;2018-05-01;0;unknown;169;45;0.00067600
2018-06-01 00:00:00;2018-06-01 00:00:00;2018-06-01;0;cloudtrail;57;2;0.00022800
2018-06-01 00:00:00;2018-06-01 00:00:00;2018-06-01;0;ec2;2108;52;0.00843200
2018-06-01 00:00:00;2018-06-01 00:00:00;2018-06-01;0;elb;64;1;0.00025600
2018-06-01 00:00:00;2018-06-01 00:00:00;2018-06-01;0;iam;310;18;0.00124000
2018-06-01 00:00:00;2018-06-01 00:00:00;2018-06-01;0;lambda;47;1;0.00018800
2018-06-01 00:00:00;2018-06-01 00:00:00;2018-06-01;0;logs;53;2;0.00021200
2018-06-01 00:00:00;2018-06-01 00:00:00;2018-06-01;0;rds;31;1;0.00012400
2018-06-01 00:00:00;2018-06-01 00:00:00;2018-06-01;0;s3;330;7;0.00132000
2018-06-01 00:00:00;2018-06-01 00:00:00;2018-06-01;0;sns;31;1;0.00012400
2018-06-01 00:00:00;2018-06-01 00:00:00;2018-06-01;0;sts;967;2;0.00386800
2018-06-01 00:00:00;2018-06-01 00:00:00;2018-06-01;0;unknown;170;36;0.00068000
2018-07-01 00:00:00;2018-07-01 00:00:00;2018-07-01;0;cloudtrail;363;2;0.00145200
2018-07-01 00:00:00;2018-07-01 00:00:00;2018-07-01;0;ec2;2824;45;0.01129600
2018-07-01 00:00:00;2018-07-01 00:00:00;2018-07-01;0;elb;300;1;0.00120000
2018-07-01 00:00:00;2018-07-01 00:00:00;2018-07-01;0;iam;683;20;0.00273200
2018-07-01 00:00:00;2018-07-01 00:00:00;2018-07-01;0;lambda;157;2;0.00062800
2018-07-01 00:00:00;2018-07-01 00:00:00;2018-07-01;0;logs;77;2;0.00030800
2018-07-01 00:00:00;2018-07-01 00:00:00;2018-07-01;0;rds;91;1;0.00036400
2018-07-01 00:00:00;2018-07-01 00:00:00;2018-07-01;0;s3;10267;16;0.04106800
2018-07-01 00:00:00;2018-07-01 00:00:00;2018-07-01;0;sns;93;1;0.00037200
2018-07-01 00:00:00;2018-07-01 00:00:00;2018-07-01;0;sts;1072;2;0.00428800
2018-07-01 00:00:00;2018-07-01 00:00:00;2018-07-01;0;unknown;624;42;0.00249600
2018-08-01 00:00:00;2018-08-01 00:00:00;2018-08-01;0;cloudtrail;112;2;0.00044800
2018-08-01 00:00:00;2018-08-01 00:00:00;2018-08-01;0;ec2;6850;77;0.02740000
2018-08-01 00:00:00;2018-08-01 00:00:00;2018-08-01;0;elb;135;1;0.00054000
2018-08-01 00:00:00;2018-08-01 00:00:00;2018-08-01;0;iam;782;25;0.00312800
2018-08-01 00:00:00;2018-08-01 00:00:00;2018-08-01;0;lambda;112;3;0.00044800
2018-08-01 00:00:00;2018-08-01 00:00:00;2018-08-01;0;logs;120;2;0.00048000
2018-08-01 00:00:00;2018-08-01 00:00:00;2018-08-01;0;rds;59;1;0.00023600
2018-08-01 00:00:00;2018-08-01 00:00:00;2018-08-01;0;s3;439;15;0.00175600
2018-08-01 00:00:00;2018-08-01 00:00:00;2018-08-01;0;sns;60;1;0.00024000
2018-08-01 00:00:00;2018-08-01 00:00:00;2018-08-01;0;sts;1201;2;0.00480400
2018-08-01 00:00:00;2018-08-01 00:00:00;2018-08-01;0;unknown;823;65;0.00329200
2018-09-01 00:00:00;2018-09-01 00:00:00;2018-09-01;0;cloudtrail;21;2;0.00008400
2018-09-01 00:00:00;2018-09-01 00:00:00;2018-09-01;0;ec2;2876;42;0.01150400
2018-09-01 00:00:00;2018-09-01 00:00:00;2018-09-01;0;elb;60;1;0.00024000
2018-09-01 00:00:00;2018-09-01 00:00:00;2018-09-01;0;iam;309;16;0.00123600
2018-09-01 00:00:00;2018-09-01 00:00:00;2018-09-01;0;lambda;91;4;0.00036400
2018-09-01 00:00:00;2018-09-01 00:00:00;2018-09-01;0;logs;63;1;0.00025200
2018-09-01 00:00:00;2018-09-01 00:00:00;2018-09-01;0;rds;15;1;0.00006000
2018-09-01 00:00:00;2018-09-01 00:00:00;2018-09-01;0;s3;441;10;0.00176400
2018-09-01 00:00:00;2018-09-01 00:00:00;2018-09-01;0;sns;15;1;0.00006000
2018-09-01 00:00:00;2018-09-01 00:00:00;2018-09-01;0;sts;1981;2;0.00792400
2018-09-01 00:00:00;2018-09-01 00:00:00;2018-09-01;0;unknown;1507;32;0.00602800
2018-10-01 00:00:00;2018-10-01 00:00:00;2018-10-01;0;cloudtrail;275;2;0.00110000
2018-10-01 00:00:00;2018-10-01 00:00:00;2018-10-01;0;ec2;10513;236;0.04205200
2018-10-01 00:00:00;2018-10-01 00:00:00;2018-10-01;0;elb;410;1;0.00164000
2018-10-01 00:00:00;2018-10-01 00:00:00;2018-10-01;0;iam;1080;21;0.00432000
2018-10-01 00:00:00;2018-10-01 00:00:00;2018-10-01;0;lambda;290;4;0.00116000
2018-10-01 00:00:00;2018-10-01 00:00:00;2018-10-01;0;logs;149;3;0.00059600
2018-10-01 00:00:00;2018-10-01 00:00:00;2018-10-01;0;rds;183;1;0.00073200
2018-10-01 00:00:00;2018-10-01 00:00:00;2018-10-01;0;s3;1284;8;0.00513600
2018-10-01 00:00:00;2018-10-01 00:00:00;2018-10-01;0;sns;168;2;0.00067200
2018-10-01 00:00:00;2018-10-01 00:00:00;2018-10-01;0;sqs;2;1;0.00000800
2018-10-01 00:00:00;2018-10-01 00:00:00;2018-10-01;0;sts;11745;2;0.04698000
2018-10-01 00:00:00;2018-10-01 00:00:00;2018-10-01;0;unknown;2707;211;0.01082800
2018-11-01 00:00:00;2018-11-01 00:00:00;2018-11-01;0;cloudtrail;18;1;0.00007200
2018-11-01 00:00:00;2018-11-01 00:00:00;2018-11-01;0;ec2;2304;173;0.00921600
2018-11-01 00:00:00;2018-11-01 00:00:00;2018-11-01;0;elb;34;1;0.00013600
2018-11-01 00:00:00;2018-11-01 00:00:00;2018-11-01;0;iam;419;19;0.00167600
2018-11-01 00:00:00;2018-11-01 00:00:00;2018-11-01;0;lambda;56;3;0.00022400
2018-11-01 00:00:00;2018-11-01 00:00:00;2018-11-01;0;logs;76;2;0.00030400
2018-11-01 00:00:00;2018-11-01 00:00:00;2018-11-01;0;rds;17;1;0.00006800
2018-11-01 00:00:00;2018-11-01 00:00:00;2018-11-01;0;s3;323;15;0.00129200
2018-11-01 00:00:00;2018-11-01 00:00:00;2018-11-01;0;sns;17;1;0.00006800
2018-11-01 00:00:00;2018-11-01 00:00:00;2018-11-01;0;sqs;2;1;0.00000800
2018-11-01 00:00:00;2018-11-01 00:00:00;2018-11-01;0;sts;1076;2;0.00430400
2018-11-01 00:00:00;2018-11-01 00:00:00;2018-11-01;0;unknown;482;152;0.00192800
2018-12-01 00:00:00;2018-12-01 00:00:00;2018-12-01;0;cloudtrail;175;2;0.00070000
2018-12-01 00:00:00;2018-12-01 00:00:00;2018-12-01;0;ec2;5060;144;0.02024000
2018-12-01 00:00:00;2018-12-01 00:00:00;2018-12-01;0;elb;344;1;0.00137600
2018-12-01 00:00:00;2018-12-01 00:00:00;2018-12-01;0;iam;615;19;0.00246000
2018-12-01 00:00:00;2018-12-01 00:00:00;2018-12-01;0;lambda;174;2;0.00069600
2018-12-01 00:00:00;2018-12-01 00:00:00;2018-12-01;0;logs;79;2;0.00031600
2018-12-01 00:00:00;2018-12-01 00:00:00;2018-12-01;0;rds;156;1;0.00062400
2018-12-01 00:00:00;2018-12-01 00:00:00;2018-12-01;0;s3;792;9;0.00316800
2018-12-01 00:00:00;2018-12-01 00:00:00;2018-12-01;0;sns;109;1;0.00043600
2018-12-01 00:00:00;2018-12-01 00:00:00;2018-12-01;0;sqs;2;1;0.00000800
2018-12-01 00:00:00;2018-12-01 00:00:00;2018-12-01;0;sts;2301;2;0.00920400
2018-12-01 00:00:00;2018-12-01 00:00:00;2018-12-01;0;unknown;1123;159;0.00449200
2019-01-01 00:00:00;2019-01-01 00:00:00;2019-01-01;0;cloudtrail;106;2;0.00042400
2019-01-01 00:00:00;2019-01-01 00:00:00;2019-01-01;0;ec2;4338;156;0.01735200
2019-01-01 00:00:00;2019-01-01 00:00:00;2019-01-01;0;elb;167;1;0.00066800
2019-01-01 00:00:00;2019-01-01 00:00:00;2019-01-01;0;iam;451;16;0.00180400
2019-01-01 00:00:00;2019-01-01 00:00:00;2019-01-01;0;lambda;138;3;0.00055200
2019-01-01 00:00:00;2019-01-01 00:00:00;2019-01-01;0;logs;58;1;0.00023200
2019-01-01 00:00:00;2019-01-01 00:00:00;2019-01-01;0;rds;111;1;0.00044400
2019-01-01 00:00:00;2019-01-01 00:00:00;2019-01-01;0;s3;976;17;0.00390400
2019-01-01 00:00:00;2019-01-01 00:00:00;2019-01-01;0;sns;89;1;0.00035600
2019-01-01 00:00:00;2019-01-01 00:00:00;2019-01-01;0;sqs;1;1;0.00000400
2019-01-01 00:00:00;2019-01-01 00:00:00;2019-01-01;0;sts;1099;2;0.00439600
2019-01-01 00:00:00;2019-01-01 00:00:00;2019-01-01;0;unknown;889;149;0.00355600
2019-02-01 00:00:00;2019-02-01 00:00:00;2019-02-01;0;cloudtrail;10;2;0.00004000
2019-02-01 00:00:00;2019-02-01 00:00:00;2019-02-01;0;ec2;2006;24;0.00802400
2019-02-01 00:00:00;2019-02-01 00:00:00;2019-02-01;0;elb;1;1;0.00000400
2019-02-01 00:00:00;2019-02-01 00:00:00;2019-02-01;0;iam;426;18;0.00170400
2019-02-01 00:00:00;2019-02-01 00:00:00;2019-02-01;0;lambda;47;2;0.00018800
2019-02-01 00:00:00;2019-02-01 00:00:00;2019-02-01;0;logs;75;1;0.00030000
2019-02-01 00:00:00;2019-02-01 00:00:00;2019-02-01;0;s3;243;4;0.00097200
2019-02-01 00:00:00;2019-02-01 00:00:00;2019-02-01;0;sts;1052;2;0.00420800
2019-02-01 00:00:00;2019-02-01 00:00:00;2019-02-01;0;unknown;279;42;0.00111600
2019-03-01 00:00:00;2019-03-01 00:00:00;2019-03-01;0;cloudtrail;38;2;0.00015200
2019-03-01 00:00:00;2019-03-01 00:00:00;2019-03-01;0;ec2;5183;170;0.02073200
2019-03-01 00:00:00;2019-03-01 00:00:00;2019-03-01;0;elb;69;1;0.00027600
2019-03-01 00:00:00;2019-03-01 00:00:00;2019-03-01;0;iam;574;23;0.00229600
2019-03-01 00:00:00;2019-03-01 00:00:00;2019-03-01;0;lambda;118;2;0.00047200
2019-03-01 00:00:00;2019-03-01 00:00:00;2019-03-01;0;logs;79;3;0.00031600
2019-03-01 00:00:00;2019-03-01 00:00:00;2019-03-01;0;rds;37;1;0.00014800
2019-03-01 00:00:00;2019-03-01 00:00:00;2019-03-01;0;s3;484;14;0.00193600
2019-03-01 00:00:00;2019-03-01 00:00:00;2019-03-01;0;sns;36;2;0.00014400
2019-03-01 00:00:00;2019-03-01 00:00:00;2019-03-01;0;sqs;2;1;0.00000800
2019-03-01 00:00:00;2019-03-01 00:00:00;2019-03-01;0;sts;1661;2;0.00664400
2019-03-01 00:00:00;2019-03-01 00:00:00;2019-03-01;0;unknown;677;173;0.00270800
2019-04-01 00:00:00;2019-04-01 00:00:00;2019-04-01;0;cloudtrail;88;3;0.00035200
2019-04-01 00:00:00;2019-04-01 00:00:00;2019-04-01;0;ec2;6674;194;0.02669600
2019-04-01 00:00:00;2019-04-01 00:00:00;2019-04-01;0;elb;81;1;0.00032400
2019-04-01 00:00:00;2019-04-01 00:00:00;2019-04-01;0;iam;508;22;0.00203200
2019-04-01 00:00:00;2019-04-01 00:00:00;2019-04-01;0;lambda;104;3;0.00041600
2019-04-01 00:00:00;2019-04-01 00:00:00;2019-04-01;0;logs;71;2;0.00028400
2019-04-01 00:00:00;2019-04-01 00:00:00;2019-04-01;0;rds;60;1;0.00024000
2019-04-01 00:00:00;2019-04-01 00:00:00;2019-04-01;0;s3;437;15;0.00174800
2019-04-01 00:00:00;2019-04-01 00:00:00;2019-04-01;0;sns;48;1;0.00019200
2019-04-01 00:00:00;2019-04-01 00:00:00;2019-04-01;0;sqs;1;1;0.00000400
2019-04-01 00:00:00;2019-04-01 00:00:00;2019-04-01;0;sts;1189;2;0.00475600
2019-04-01 00:00:00;2019-04-01 00:00:00;2019-04-01;0;unknown;983;203;0.00393200
2019-05-01 00:00:00;2019-05-01 00:00:00;2019-05-01;0;cloudtrail;186;2;0.00074400
2019-05-01 00:00:00;2019-05-01 00:00:00;2019-05-01;0;ec2;6129;110;0.02451600
2019-05-01 00:00:00;2019-05-01 00:00:00;2019-05-01;0;elb;214;1;0.00085600
2019-05-01 00:00:00;2019-05-01 00:00:00;2019-05-01;0;iam;986;21;0.00394400
2019-05-01 00:00:00;2019-05-01 00:00:00;2019-05-01;0;lambda;123;4;0.00049200
2019-05-01 00:00:00;2019-05-01 00:00:00;2019-05-01;0;logs;87;2;0.00034800
2019-05-01 00:00:00;2019-05-01 00:00:00;2019-05-01;0;rds;153;1;0.00061200
2019-05-01 00:00:00;2019-05-01 00:00:00;2019-05-01;0;s3;443;23;0.00177200
2019-05-01 00:00:00;2019-05-01 00:00:00;2019-05-01;0;sns;94;1;0.00037600
2019-05-01 00:00:00;2019-05-01 00:00:00;2019-05-01;0;sts;1310;2;0.00524000
2019-05-01 00:00:00;2019-05-01 00:00:00;2019-05-01;0;unknown;1011;95;0.00404400
2019-06-01 00:00:00;2019-06-01 00:00:00;2019-06-01;0;cloudtrail;153;2;0.00061200
2019-06-01 00:00:00;2019-06-01 00:00:00;2019-06-01;0;ec2;8992;128;0.03596800
2019-06-01 00:00:00;2019-06-01 00:00:00;2019-06-01;0;elb;132;1;0.00052800
2019-06-01 00:00:00;2019-06-01 00:00:00;2019-06-01;0;iam;783;19;0.00313200
2019-06-01 00:00:00;2019-06-01 00:00:00;2019-06-01;0;lambda;1149;3;0.00459600
2019-06-01 00:00:00;2019-06-01 00:00:00;2019-06-01;0;logs;103;2;0.00041200
2019-06-01 00:00:00;2019-06-01 00:00:00;2019-06-01;0;rds;64;1;0.00025600
2019-06-01 00:00:00;2019-06-01 00:00:00;2019-06-01;0;s3;7851;17;0.03140400
2019-06-01 00:00:00;2019-06-01 00:00:00;2019-06-01;0;sns;48;1;0.00019200
2019-06-01 00:00:00;2019-06-01 00:00:00;2019-06-01;0;sqs;1;1;0.00000400
2019-06-01 00:00:00;2019-06-01 00:00:00;2019-06-01;0;sts;1423;3;0.00569200
2019-06-01 00:00:00;2019-06-01 00:00:00;2019-06-01;0;unknown;627;125;0.00250800
2019-07-01 00:00:00;2019-07-01 00:00:00;2019-07-01;0;cloudtrail;98;2;0.00039200
2019-07-01 00:00:00;2019-07-01 00:00:00;2019-07-01;0;ec2;7213;251;0.02885200
2019-07-01 00:00:00;2019-07-01 00:00:00;2019-07-01;0;elb;147;1;0.00058800
2019-07-01 00:00:00;2019-07-01 00:00:00;2019-07-01;0;iam;8586;19;0.03434400
2019-07-01 00:00:00;2019-07-01 00:00:00;2019-07-01;0;lambda;237;4;0.00094800
2019-07-01 00:00:00;2019-07-01 00:00:00;2019-07-01;0;logs;152;2;0.00060800
2019-07-01 00:00:00;2019-07-01 00:00:00;2019-07-01;0;rds;107;1;0.00042800
2019-07-01 00:00:00;2019-07-01 00:00:00;2019-07-01;0;s3;1695;17;0.00678000
2019-07-01 00:00:00;2019-07-01 00:00:00;2019-07-01;0;sns;69;2;0.00027600
2019-07-01 00:00:00;2019-07-01 00:00:00;2019-07-01;0;sqs;2;1;0.00000800
2019-07-01 00:00:00;2019-07-01 00:00:00;2019-07-01;0;sts;1547;3;0.00618800
2019-07-01 00:00:00;2019-07-01 00:00:00;2019-07-01;0;unknown;2116;329;0.00846400
2019-08-01 00:00:00;2019-08-01 00:00:00;2019-08-01;0;cloudtrail;142;3;0.00056800
2019-08-01 00:00:00;2019-08-01 00:00:00;2019-08-01;0;ec2;698082;88;2.79232800
2019-08-01 00:00:00;2019-08-01 00:00:00;2019-08-01;0;elb;165;1;0.00066000
2019-08-01 00:00:00;2019-08-01 00:00:00;2019-08-01;0;iam;1274;25;0.00509600
2019-08-01 00:00:00;2019-08-01 00:00:00;2019-08-01;0;lambda;209;5;0.00083600
2019-08-01 00:00:00;2019-08-01 00:00:00;2019-08-01;0;logs;122;3;0.00048800
2019-08-01 00:00:00;2019-08-01 00:00:00;2019-08-01;0;rds;82;1;0.00032800
2019-08-01 00:00:00;2019-08-01 00:00:00;2019-08-01;0;s3;2648;18;0.01059200
2019-08-01 00:00:00;2019-08-01 00:00:00;2019-08-01;0;sns;65;1;0.00026000
2019-08-01 00:00:00;2019-08-01 00:00:00;2019-08-01;0;sts;4026;2;0.01610400
2019-08-01 00:00:00;2019-08-01 00:00:00;2019-08-01;0;unknown;4044;89;0.01617600
2019-09-01 00:00:00;2019-09-01 00:00:00;2019-09-01;0;cloudtrail;40;1;0.00016000
2019-09-01 00:00:00;2019-09-01 00:00:00;2019-09-01;0;ec2;14241;106;0.05696400
2019-09-01 00:00:00;2019-09-01 00:00:00;2019-09-01;0;elb;15;1;0.00006000
2019-09-01 00:00:00;2019-09-01 00:00:00;2019-09-01;0;iam;931;19;0.00372400
2019-09-01 00:00:00;2019-09-01 00:00:00;2019-09-01;0;lambda;94;3;0.00037600
2019-09-01 00:00:00;2019-09-01 00:00:00;2019-09-01;0;logs;101;1;0.00040400
2019-09-01 00:00:00;2019-09-01 00:00:00;2019-09-01;0;rds;4;1;0.00001600
2019-09-01 00:00:00;2019-09-01 00:00:00;2019-09-01;0;s3;343;5;0.00137200
2019-09-01 00:00:00;2019-09-01 00:00:00;2019-09-01;0;sns;17;1;0.00006800
2019-09-01 00:00:00;2019-09-01 00:00:00;2019-09-01;0;sts;1529;2;0.00611600
2019-09-01 00:00:00;2019-09-01 00:00:00;2019-09-01;0;unknown;509;98;0.00203600
2019-10-01 00:00:00;2019-10-01 00:00:00;2019-10-01;0;cloudtrail;83;2;0.00033200
2019-10-01 00:00:00;2019-10-01 00:00:00;2019-10-01;0;ec2;5627;259;0.02250800
2019-10-01 00:00:00;2019-10-01 00:00:00;2019-10-01;0;elb;129;1;0.00051600
2019-10-01 00:00:00;2019-10-01 00:00:00;2019-10-01;0;iam;625;21;0.00250000
2019-10-01 00:00:00;2019-10-01 00:00:00;2019-10-01;0;lambda;129;5;0.00051600
2019-10-01 00:00:00;2019-10-01 00:00:00;2019-10-01;0;logs;93;2;0.00037200
2019-10-01 00:00:00;2019-10-01 00:00:00;2019-10-01;0;rds;81;1;0.00032400
2019-10-01 00:00:00;2019-10-01 00:00:00;2019-10-01;0;s3;709;11;0.00283600
2019-10-01 00:00:00;2019-10-01 00:00:00;2019-10-01;0;sns;99;2;0.00039600
2019-10-01 00:00:00;2019-10-01 00:00:00;2019-10-01;0;sqs;2;1;0.00000800
2019-10-01 00:00:00;2019-10-01 00:00:00;2019-10-01;0;sts;1319;2;0.00527600
2019-10-01 00:00:00;2019-10-01 00:00:00;2019-10-01;0;unknown;1769;347;0.00707600
2019-11-01 00:00:00;2019-11-01 00:00:00;2019-11-01;0;cloudtrail;10;2;0.00004000
2019-11-01 00:00:00;2019-11-01 00:00:00;2019-11-01;0;ec2;5498;247;0.02199200
2019-11-01 00:00:00;2019-11-01 00:00:00;2019-11-01;0;elb;1;1;0.00000400
2019-11-01 00:00:00;2019-11-01 00:00:00;2019-11-01;0;iam;945;22;0.00378000
2019-11-01 00:00:00;2019-11-01 00:00:00;2019-11-01;0;lambda;160;5;0.00064000
2019-11-01 00:00:00;2019-11-01 00:00:00;2019-11-01;0;logs;82;1;0.00032800
2019-11-01 00:00:00;2019-11-01 00:00:00;2019-11-01;0;rds;8;1;0.00003200
2019-11-01 00:00:00;2019-11-01 00:00:00;2019-11-01;0;s3;608;5;0.00243200
2019-11-01 00:00:00;2019-11-01 00:00:00;2019-11-01;0;sns;20;2;0.00008000
2019-11-01 00:00:00;2019-11-01 00:00:00;2019-11-01;0;sqs;10;1;0.00004000
2019-11-01 00:00:00;2019-11-01 00:00:00;2019-11-01;0;sts;1916;2;0.00766400
2019-11-01 00:00:00;2019-11-01 00:00:00;2019-11-01;0;unknown;2498;370;0.00999200
2019-12-01 00:00:00;2019-12-01 00:00:00;2019-12-01;0;cloudtrail;16;1;0.00006400
2019-12-01 00:00:00;2019-12-01 00:00:00;2019-12-01;0;ec2;2362;37;0.00944800
2019-12-01 00:00:00;2019-12-01 00:00:00;2019-12-01;0;elb;32;1;0.00012800
2019-12-01 00:00:00;2019-12-01 00:00:00;2019-12-01;0;iam;308;15;0.00123200
2019-12-01 00:00:00;2019-12-01 00:00:00;2019-12-01;0;lambda;55;2;0.00022000
2019-12-01 00:00:00;2019-12-01 00:00:00;2019-12-01;0;logs;77;1;0.00030800
2019-12-01 00:00:00;2019-12-01 00:00:00;2019-12-01;0;rds;16;1;0.00006400
2019-12-01 00:00:00;2019-12-01 00:00:00;2019-12-01;0;s3;280;5;0.00112000
2019-12-01 00:00:00;2019-12-01 00:00:00;2019-12-01;0;sns;16;1;0.00006400
2019-12-01 00:00:00;2019-12-01 00:00:00;2019-12-01;0;sts;1914;2;0.00765600
2019-12-01 00:00:00;2019-12-01 00:00:00;2019-12-01;0;unknown;130;22;0.00052000
2020-01-01 00:00:00;2020-01-01 00:00:00;2020-01-01;0;cloudtrail;284;2;0.00113600
2020-01-01 00:00:00;2020-01-01 00:00:00;2020-01-01;0;ec2;8082;250;0.03232800
2020-01-01 00:00:00;2020-01-01 00:00:00;2020-01-01;0;elb;316;1;0.00126400
2020-01-01 00:00:00;2020-01-01 00:00:00;2020-01-01;0;iam;999;24;0.00399600
2020-01-01 00:00:00;2020-01-01 00:00:00;2020-01-01;0;lambda;283;4;0.00113200
2020-01-01 00:00:00;2020-01-01 00:00:00;2020-01-01;0;logs;90;2;0.00036000
2020-01-01 00:00:00;2020-01-01 00:00:00;2020-01-01;0;rds;230;1;0.00092000
2020-01-01 00:00:00;2020-01-01 00:00:00;2020-01-01;0;s3;734;10;0.00293600
2020-01-01 00:00:00;2020-01-01 00:00:00;2020-01-01;0;sns;128;2;0.00051200
2020-01-01 00:00:00;2020-01-01 00:00:00;2020-01-01;0;sqs;1;1;0.00000400
2020-01-01 00:00:00;2020-01-01 00:00:00;2020-01-01;0;sts;2320;2;0.00928000
2020-01-01 00:00:00;2020-01-01 00:00:00;2020-01-01;0;unknown;1822;338;0.00728800
2020-02-01 00:00:00;2020-02-01 00:00:00;2020-02-01;0;cloudtrail;89;2;0.00035600
2020-02-01 00:00:00;2020-02-01 00:00:00;2020-02-01;0;cloudwatch;3;2;0.00001200
2020-02-01 00:00:00;2020-02-01 00:00:00;2020-02-01;0;ec2;6277;260;0.02510800
2020-02-01 00:00:00;2020-02-01 00:00:00;2020-02-01;0;elb;65;1;0.00026000
2020-02-01 00:00:00;2020-02-01 00:00:00;2020-02-01;0;iam;688;21;0.00275200
2020-02-01 00:00:00;2020-02-01 00:00:00;2020-02-01;0;lambda;135;6;0.00054000
2020-02-01 00:00:00;2020-02-01 00:00:00;2020-02-01;0;logs;109;2;0.00043600
2020-02-01 00:00:00;2020-02-01 00:00:00;2020-02-01;0;rds;63;1;0.00025200
2020-02-01 00:00:00;2020-02-01 00:00:00;2020-02-01;0;s3;447;9;0.00178800
2020-02-01 00:00:00;2020-02-01 00:00:00;2020-02-01;0;sns;41;3;0.00016400
2020-02-01 00:00:00;2020-02-01 00:00:00;2020-02-01;0;sqs;3;1;0.00001200
2020-02-01 00:00:00;2020-02-01 00:00:00;2020-02-01;0;sts;2003;2;0.00801200
2020-02-01 00:00:00;2020-02-01 00:00:00;2020-02-01;0;unknown;2057;360;0.00822800
2020-03-01 00:00:00;2020-03-01 00:00:00;2020-03-01;0;cloudtrail;77;3;0.00030800
2020-03-01 00:00:00;2020-03-01 00:00:00;2020-03-01;0;ec2;9890;286;0.03956000
2020-03-01 00:00:00;2020-03-01 00:00:00;2020-03-01;0;elb;146;1;0.00058400
2020-03-01 00:00:00;2020-03-01 00:00:00;2020-03-01;0;iam;1090;21;0.00436000
2020-03-01 00:00:00;2020-03-01 00:00:00;2020-03-01;0;lambda;190;4;0.00076000
2020-03-01 00:00:00;2020-03-01 00:00:00;2020-03-01;0;logs;142;3;0.00056800
2020-03-01 00:00:00;2020-03-01 00:00:00;2020-03-01;0;rds;77;1;0.00030800
2020-03-01 00:00:00;2020-03-01 00:00:00;2020-03-01;0;s3;5143;11;0.02057200
2020-03-01 00:00:00;2020-03-01 00:00:00;2020-03-01;0;sns;61;2;0.00024400
2020-03-01 00:00:00;2020-03-01 00:00:00;2020-03-01;0;sqs;6;1;0.00002400
2020-03-01 00:00:00;2020-03-01 00:00:00;2020-03-01;0;sts;2232;3;0.00892800
2020-03-01 00:00:00;2020-03-01 00:00:00;2020-03-01;0;unknown;2497;382;0.00998800
2020-04-01 00:00:00;2020-04-01 00:00:00;2020-04-01;0;cloudtrail;174;2;0.00069600
2020-04-01 00:00:00;2020-04-01 00:00:00;2020-04-01;0;ec2;7530;284;0.03012000
2020-04-01 00:00:00;2020-04-01 00:00:00;2020-04-01;0;elb;198;1;0.00079200
2020-04-01 00:00:00;2020-04-01 00:00:00;2020-04-01;0;iam;1117;24;0.00446800
2020-04-01 00:00:00;2020-04-01 00:00:00;2020-04-01;0;lambda;227;6;0.00090800
2020-04-01 00:00:00;2020-04-01 00:00:00;2020-04-01;0;logs;162;2;0.00064800
2020-04-01 00:00:00;2020-04-01 00:00:00;2020-04-01;0;rds;95;1;0.00038000
2020-04-01 00:00:00;2020-04-01 00:00:00;2020-04-01;0;s3;590;15;0.00236000
2020-04-01 00:00:00;2020-04-01 00:00:00;2020-04-01;0;sns;88;2;0.00035200
2020-04-01 00:00:00;2020-04-01 00:00:00;2020-04-01;0;sqs;5;1;0.00002000
2020-04-01 00:00:00;2020-04-01 00:00:00;2020-04-01;0;sts;2287;2;0.00914800
2020-04-01 00:00:00;2020-04-01 00:00:00;2020-04-01;0;unknown;2814;383;0.01125600
2020-05-01 00:00:00;2020-05-01 00:00:00;2020-05-01;0;cloudtrail;110;2;0.00044000
2020-05-01 00:00:00;2020-05-01 00:00:00;2020-05-01;0;ec2;7153;316;0.02861200
2020-05-01 00:00:00;2020-05-01 00:00:00;2020-05-01;0;elb;146;1;0.00058400
2020-05-01 00:00:00;2020-05-01 00:00:00;2020-05-01;0;iam;964;20;0.00385600
2020-05-01 00:00:00;2020-05-01 00:00:00;2020-05-01;0;lambda;175;5;0.00070000
2020-05-01 00:00:00;2020-05-01 00:00:00;2020-05-01;0;logs;162;5;0.00064800
2020-05-01 00:00:00;2020-05-01 00:00:00;2020-05-01;0;rds;117;1;0.00046800
2020-05-01 00:00:00;2020-05-01 00:00:00;2020-05-01;0;s3;607;18;0.00242800
2020-05-01 00:00:00;2020-05-01 00:00:00;2020-05-01;0;sns;74;2;0.00029600
2020-05-01 00:00:00;2020-05-01 00:00:00;2020-05-01;0;sqs;5;1;0.00002000
2020-05-01 00:00:00;2020-05-01 00:00:00;2020-05-01;0;sts;2162;2;0.00864800
2020-05-01 00:00:00;2020-05-01 00:00:00;2020-05-01;0;unknown;2728;396;0.01091200
2020-06-01 00:00:00;2020-06-01 00:00:00;2020-06-01;0;cloudtrail;237;2;0.00094800
2020-06-01 00:00:00;2020-06-01 00:00:00;2020-06-01;0;ec2;11827;353;0.04730800
2020-06-01 00:00:00;2020-06-01 00:00:00;2020-06-01;0;elb;337;1;0.00134800
2020-06-01 00:00:00;2020-06-01 00:00:00;2020-06-01;0;iam;1093;21;0.00437200
2020-06-01 00:00:00;2020-06-01 00:00:00;2020-06-01;0;lambda;272;5;0.00108800
2020-06-01 00:00:00;2020-06-01 00:00:00;2020-06-01;0;logs;115;3;0.00046000
2020-06-01 00:00:00;2020-06-01 00:00:00;2020-06-01;0;rds;282;1;0.00112800
2020-06-01 00:00:00;2020-06-01 00:00:00;2020-06-01;0;s3;229;5;0.00091600
2020-06-01 00:00:00;2020-06-01 00:00:00;2020-06-01;0;sns;187;2;0.00074800
2020-06-01 00:00:00;2020-06-01 00:00:00;2020-06-01;0;sqs;15;1;0.00006000
2020-06-01 00:00:00;2020-06-01 00:00:00;2020-06-01;0;sts;2107;3;0.00842800
2020-06-01 00:00:00;2020-06-01 00:00:00;2020-06-01;0;unknown;6558;477;0.02623200
2020-07-01 00:00:00;2020-07-01 00:00:00;2020-07-01;0;cloudtrail;209;2;0.00083600
2020-07-01 00:00:00;2020-07-01 00:00:00;2020-07-01;0;ec2;10149;307;0.04059600
2020-07-01 00:00:00;2020-07-01 00:00:00;2020-07-01;0;elb;256;1;0.00102400
2020-07-01 00:00:00;2020-07-01 00:00:00;2020-07-01;0;iam;1064;23;0.00425600
2020-07-01 00:00:00;2020-07-01 00:00:00;2020-07-01;0;lambda;217;4;0.00086800
2020-07-01 00:00:00;2020-07-01 00:00:00;2020-07-01;0;logs;114;5;0.00045600
2020-07-01 00:00:00;2020-07-01 00:00:00;2020-07-01;0;rds;204;1;0.00081600
2020-07-01 00:00:00;2020-07-01 00:00:00;2020-07-01;0;s3;878;18;0.00351200
2020-07-01 00:00:00;2020-07-01 00:00:00;2020-07-01;0;sns;124;2;0.00049600
2020-07-01 00:00:00;2020-07-01 00:00:00;2020-07-01;0;sqs;7;1;0.00002800
2020-07-01 00:00:00;2020-07-01 00:00:00;2020-07-01;0;sts;2271;2;0.00908400
2020-07-01 00:00:00;2020-07-01 00:00:00;2020-07-01;0;unknown;3992;383;0.01596800
2020-08-01 00:00:00;2020-08-01 00:00:00;2020-08-01;0;cloudtrail;208;2;0.00083200
2020-08-01 00:00:00;2020-08-01 00:00:00;2020-08-01;0;ec2;5353;152;0.02141200
2020-08-01 00:00:00;2020-08-01 00:00:00;2020-08-01;0;elb;132;1;0.00052800
2020-08-01 00:00:00;2020-08-01 00:00:00;2020-08-01;0;iam;924;20;0.00369600
2020-08-01 00:00:00;2020-08-01 00:00:00;2020-08-01;0;lambda;116;2;0.00046400
2020-08-01 00:00:00;2020-08-01 00:00:00;2020-08-01;0;logs;90;4;0.00036000
2020-08-01 00:00:00;2020-08-01 00:00:00;2020-08-01;0;rds;52;1;0.00020800
2020-08-01 00:00:00;2020-08-01 00:00:00;2020-08-01;0;s3;1525;26;0.00610000
2020-08-01 00:00:00;2020-08-01 00:00:00;2020-08-01;0;sns;50;1;0.00020000
2020-08-01 00:00:00;2020-08-01 00:00:00;2020-08-01;0;sts;2150;3;0.00860000
2020-08-01 00:00:00;2020-08-01 00:00:00;2020-08-01;0;unknown;947;86;0.00378800
2020-09-01 00:00:00;2020-09-01 00:00:00;2020-09-01;0;cloudtrail;96;3;0.00038400
2020-09-01 00:00:00;2020-09-01 00:00:00;2020-09-01;0;ec2;7555;306;0.03022000
2020-09-01 00:00:00;2020-09-01 00:00:00;2020-09-01;0;elb;120;1;0.00048000
2020-09-01 00:00:00;2020-09-01 00:00:00;2020-09-01;0;iam;1291;22;0.00516400
2020-09-01 00:00:00;2020-09-01 00:00:00;2020-09-01;0;lambda;188;5;0.00075200
2020-09-01 00:00:00;2020-09-01 00:00:00;2020-09-01;0;logs;155;5;0.00062000
2020-09-01 00:00:00;2020-09-01 00:00:00;2020-09-01;0;rds;83;1;0.00033200
2020-09-01 00:00:00;2020-09-01 00:00:00;2020-09-01;0;s3;1599;29;0.00639600
2020-09-01 00:00:00;2020-09-01 00:00:00;2020-09-01;0;sns;156;2;0.00062400
2020-09-01 00:00:00;2020-09-01 00:00:00;2020-09-01;0;sqs;44;1;0.00017600
2020-09-01 00:00:00;2020-09-01 00:00:00;2020-09-01;0;sts;2237;2;0.00894800
2020-09-01 00:00:00;2020-09-01 00:00:00;2020-09-01;0;unknown;10412;393;0.04164800
2020-10-01 00:00:00;2020-10-01 00:00:00;2020-10-01;0;cloudtrail;23;2;0.00009200
2020-10-01 00:00:00;2020-10-01 00:00:00;2020-10-01;0;ec2;2632;267;0.01052800
2020-10-01 00:00:00;2020-10-01 00:00:00;2020-10-01;0;elb;32;1;0.00012800
2020-10-01 00:00:00;2020-10-01 00:00:00;2020-10-01;0;iam;284;22;0.00113600
2020-10-01 00:00:00;2020-10-01 00:00:00;2020-10-01;0;lambda;45;4;0.00018000
2020-10-01 00:00:00;2020-10-01 00:00:00;2020-10-01;0;logs;18;2;0.00007200
2020-10-01 00:00:00;2020-10-01 00:00:00;2020-10-01;0;rds;48;1;0.00019200
2020-10-01 00:00:00;2020-10-01 00:00:00;2020-10-01;0;s3;23785;22;0.09514000
2020-10-01 00:00:00;2020-10-01 00:00:00;2020-10-01;0;sns;28;2;0.00011200
2020-10-01 00:00:00;2020-10-01 00:00:00;2020-10-01;0;sqs;5;1;0.00002000
2020-10-01 00:00:00;2020-10-01 00:00:00;2020-10-01;0;sts;470;2;0.00188000
2020-10-01 00:00:00;2020-10-01 00:00:00;2020-10-01;0;unknown;2058;363;0.00823200
